{
  "total_in_denominator": 3502,
  "f1_retrieved_gold": 2502,
  "f1_missed": 1000,
  "f2_ckpt": "exp25_s2_listwise.pt",
  "f3_dpo_ckpt": "exp38_t5_dpo_s3.pt",
  "f3_sft_ckpt": "exp31_t5_mc_s3.pt",
  "config": {
    "f2_top_k": 50,
    "f3_max_cands": 15
  },
  "hit1": {
    "f1_recall": 0.7144488863506567,
    "f1_first": 0.21901770416904626,
    "f2_only": 0.31753283837806967,
    "f3_sft": 0.41661907481439175,
    "f3_dpo": 0.4077669902912621
  },
  "f2_vs_f3": {
    "sft": {
      "agree": 1799,
      "f3_better": 525,
      "f3_worse": 178
    },
    "dpo": {
      "agree": 1750,
      "f3_better": 534,
      "f3_worse": 218
    }
  },
  "by_depth": {
    "3": {
      "total": 454,
      "f1_recall": 0.8303964757709251,
      "f1_first": 0.3370044052863436,
      "f2": 0.48237885462555063,
      "sft": 0.5925110132158591,
      "dpo": 0.6299559471365639
    },
    "1": {
      "total": 1491,
      "f1_recall": 0.5553319919517102,
      "f1_first": 0.11938296445338699,
      "f2": 0.1636485580147552,
      "sft": 0.2461435278336687,
      "dpo": 0.23541247484909456
    },
    "2": {
      "total": 1385,
      "f1_recall": 0.8259927797833935,
      "f1_first": 0.28231046931407944,
      "f2": 0.41660649819494583,
      "sft": 0.5227436823104693,
      "dpo": 0.5032490974729242
    },
    "4": {
      "total": 172,
      "f1_recall": 0.8895348837209303,
      "f1_first": 0.2616279069767442,
      "f2": 0.4186046511627907,
      "sft": 0.5755813953488372,
      "dpo": 0.5465116279069767
    }
  }
}