{
    "exp7": {
        "success_rate": 58.30953740719589,
        "avg_entities": 375.61022272986867,
        "count": 3502
    },
    "exp9": {
        "success_rate": 66.4762992575671,
        "avg_entities": 1912.8943460879498,
        "count": 3502
    }
}