{
    "hit1": 40.54825813820674,
    "hit_n": 69.10336950314107,
    "avg_ents": 1480.514563106796,
    "samples": 3502
}