{
    "hit1": 1.3706453455168475,
    "hit_n": 1.4277555682467162,
    "avg_ents": 1.1062250142775556,
    "samples": 3502
}